{"action": "greet_and_lead", "_timestamp": 1720371561.5187767, "_runtime": 228.75723671913147, "_step": 0, "_wandb": {"runtime": 566}}